name,id
Prog  Metal,3sOiksHBj16xzHffCtU1Ue
Gray Sky,5Rf8n2tn4eapaikX2XaYZl
Ghazal for Soul,05z1vysnY0Rgx3JfUDfNbz
I have No Idea,6DdKFjdu56PbOQG0DyHQgT
Acid,1EF7lWapyE2Dt04EQB9BTU
Rock,3G85ZeNC916hC9xl2QYER2
Blood is Broken Glass,2JJugsBIoL6tjDSGOPVWVi
Jazz And High,5bALGGSbgMzsNotQXIgc7Y
Wordless,6acOMlLMX3fqaHkpqz1Uj5
Unconventional,34eF3J12oIu357zPZCUTcc
Vincent Amigo,1ZqOz66D7KyllPK2eHqWSR
Metal,5zYTq29ZnFSQoIUlGueT2U
Smooth,7meHaHhrMtVl7ig1PbpcIH
WE AT JIM,4SVR0p77rlzGtg8CVn8nRx
Classical,0Es3xjS0NtwSje2GN655l5
Rock & Blues,08dJcA7GGtqBABLRCva31u
From stale ramen,0sIJmbzu4nDpzsbUr9SYeD
To Disappointment,65xMuKLZC7Cw7Iw1WvvHAp
